{"cameraMode":{"drawMode":0,"name":"Shaded","section":"Shading Mode"},"sceneLighting":true,"audioPlay":false,"sceneViewState":{"showFog":true,"showMaterialUpdate":false,"showSkybox":true,"showFlares":true,"showImageEffects":true,"showParticleSystems":true},"in2DMode":false,"pivot":{"x":6.519999980926514,"y":-2.1600000858306886,"z":0.0},"rotation":{"x":0.19625671207904817,"y":0.2142527848482132,"z":-0.043979134410619739,"w":0.9558725357055664},"size":6.548721790313721,"orthographic":false}