{"cameraMode":{"drawMode":0,"name":"Shaded","section":"Shading Mode"},"sceneLighting":true,"audioPlay":false,"sceneViewState":{"showFog":true,"showMaterialUpdate":false,"showSkybox":true,"showFlares":true,"showImageEffects":true,"showParticleSystems":true},"in2DMode":false,"pivot":{"x":248.75987243652345,"y":376.98895263671877,"z":-1269.2774658203125},"rotation":{"x":0.20992402732372285,"y":0.00879556406289339,"z":-0.0018699509091675282,"w":0.9777064323425293},"size":23.8056640625,"orthographic":false}