{"cameraMode":{"drawMode":0,"name":"Shaded","section":"Shading Mode"},"sceneLighting":false,"audioPlay":false,"sceneViewState":{"showFog":true,"showMaterialUpdate":false,"showSkybox":true,"showFlares":true,"showImageEffects":true,"showParticleSystems":true},"in2DMode":false,"pivot":{"x":501.2799987792969,"y":72.44999694824219,"z":0.0},"rotation":{"x":0.17065472900867463,"y":-0.20814603567123414,"z":0.03690933436155319,"w":0.9623880386352539},"size":363.9209289550781,"orthographic":false}