{"cameraMode":{"drawMode":0,"name":"Shaded","section":"Shading Mode"},"sceneLighting":true,"audioPlay":false,"sceneViewState":{"showFog":true,"showMaterialUpdate":false,"showSkybox":true,"showFlares":true,"showImageEffects":true,"showParticleSystems":true},"in2DMode":false,"pivot":{"x":363.59930419921877,"y":114.66436767578125,"z":108.34054565429688},"rotation":{"x":0.32395878434181216,"y":-0.022700518369674684,"z":0.007791118696331978,"w":0.9457957744598389},"size":552.9168090820313,"orthographic":false}