{"cameraMode":{"drawMode":0,"name":"Shaded","section":"Shading Mode"},"sceneLighting":true,"audioPlay":false,"sceneViewState":{"showFog":true,"showMaterialUpdate":false,"showSkybox":true,"showFlares":true,"showImageEffects":true,"showParticleSystems":true},"in2DMode":false,"pivot":{"x":444.96856689453127,"y":22.076120376586915,"z":-5.538288116455078},"rotation":{"x":0.09721401333808899,"y":-0.05222868546843529,"z":0.005122504662722349,"w":0.9939064383506775},"size":1255.515380859375,"orthographic":false}