{"cameraMode":{"drawMode":0,"name":"Shaded","section":"Shading Mode"},"sceneLighting":false,"audioPlay":false,"sceneViewState":{"showFog":true,"showMaterialUpdate":false,"showSkybox":true,"showFlares":true,"showImageEffects":true,"showParticleSystems":true},"in2DMode":false,"pivot":{"x":236.9357452392578,"y":321.330078125,"z":-13.21185302734375},"rotation":{"x":0.011996676214039326,"y":-0.022496480494737626,"z":0.0002699707692954689,"w":0.999674916267395},"size":1002.26708984375,"orthographic":false}