{"cameraMode":{"drawMode":0,"name":"Shaded","section":"Shading Mode"},"sceneLighting":true,"audioPlay":false,"sceneViewState":{"showFog":true,"showMaterialUpdate":false,"showSkybox":true,"showFlares":true,"showImageEffects":true,"showParticleSystems":true},"in2DMode":false,"pivot":{"x":294.9582824707031,"y":216.422607421875,"z":5.479522705078125},"rotation":{"x":0.11524596065282822,"y":0.0029784932266920807,"z":-0.0003344048745930195,"w":0.9933565258979797},"size":492.1477966308594,"orthographic":false}